customer_id,name,email,region,balance
1,Cust 1,user1@example.com,APAC,4045.67
2,Cust 2,user2@example.com,APAC,339.86
3,Cust 3,user3@example.com,EU,-36.71
4,Cust 4,user4@example.com,EU,4923.26
5,Cust 5,user5@example.com,EU,366.16
6,Cust 6,user6@example.com,APAC,4079.4
7,Cust 7,user7@example.com,APAC,541.05
8,Cust 8,user8@example.com,EU,2464.23
9,Cust 9,user9@example.com,NAM,4895.1
10,Cust 10,user10@example.com,APAC,3672.61
11,Cust 11,user11@example.com,EU,2974.84
12,Cust 12,user12@example.com,NAM,542.55
13,Cust 13,user13@example.com,NAM,3597.75
14,Cust 14,user14@example.com,EU,2715.89
15,Cust 15,,NAM,1569.54
16,Cust 16,,APAC,4790.27
17,Cust 17,user17@example.com,EU,3649.89
18,Cust 18,user18@example.com,EU,579.84
19,Cust 19,user19@example.com,APAC,3707.94
20,Cust 20,user20@example.com,APAC,4638.88
21,Cust 21,user21@example.com,APAC,1826.8
22,Cust 22,user22@example.com,APAC,2625.55
23,Cust 23,user23@example.com,NAM,2775.3
24,Cust 24,user24@example.com,NAM,-41.59
25,Cust 25,user25@example.com,NAM,4815.12
26,Cust 26,,EU,4639.16
27,Cust 27,user27@example.com,NAM,895.51
28,Cust 28,user28@example.com,EU,765.68
29,Cust 29,user29@example.com,NAM,2097.44
30,Cust 30,user30@example.com,EU,1480.94
31,Cust 31,,NAM,4124.44
32,Cust 32,user32@example.com,EU,359.36
33,Cust 33,user33@example.com,APAC,1964.74
34,Cust 34,user34@example.com,EU,4036.64
35,Cust 35,user35@example.com,NAM,4580.76
36,Cust 36,user36@example.com,EU,3898.6
37,Cust 37,user37@example.com,APAC,2251.01
38,Cust 38,user38@example.com,APAC,4178.37
39,Cust 39,user39@example.com,APAC,2384.12
40,Cust 40,user40@example.com,APAC,2297.35
41,Cust 41,user41@example.com,NAM,1928.93
42,Cust 42,user42@example.com,APAC,3928.08
43,Cust 43,user43@example.com,EU,4910.82
44,Cust 44,user44@example.com,EU,2598.2
45,Cust 45,user45@example.com,EU,4800.08
46,Cust 46,user46@example.com,APAC,3837.96
47,Cust 47,user47@example.com,EU,1755.95
48,Cust 48,user48@example.com,NAM,4461.0
49,Cust 49,user49@example.com,APAC,2642.36
50,Cust 50,user50@example.com,NAM,3161.31
51,Cust 51,user51@example.com,APAC,2156.34
52,Cust 52,user52@example.com,APAC,2902.35
53,Cust 53,user53@example.com,EU,167.17
54,Cust 54,user54@example.com,APAC,1284.95
55,Cust 55,,NAM,3742.07
56,Cust 56,user56@example.com,NAM,3865.73
57,Cust 57,user57@example.com,NAM,548.32
58,Cust 58,user58@example.com,EU,1252.09
59,Cust 59,,APAC,4638.35
60,Cust 60,user60@example.com,NAM,1332.96
61,Cust 61,user61@example.com,APAC,412.07
62,Cust 62,,APAC,516.2
63,Cust 63,user63@example.com,APAC,433.22
64,Cust 64,user64@example.com,APAC,3242.66
65,Cust 65,user65@example.com,APAC,3446.2
66,Cust 66,user66@example.com,NAM,4654.93
67,Cust 67,user67@example.com,NAM,535.78
68,Cust 68,user68@example.com,EU,3130.28
69,Cust 69,user69@example.com,APAC,1772.71
70,Cust 70,user70@example.com,EU,4268.33
71,Cust 71,user71@example.com,EU,3060.94
72,Cust 72,user72@example.com,EU,1768.3
73,Cust 73,user73@example.com,APAC,734.87
74,Cust 74,,APAC,1253.49
75,Cust 75,user75@example.com,EU,1655.99
76,Cust 76,user76@example.com,NAM,3683.53
77,Cust 77,user77@example.com,NAM,1580.03
78,Cust 78,user78@example.com,APAC,3676.51
79,Cust 79,user79@example.com,EU,4051.99
80,Cust 80,user80@example.com,EU,4483.06
81,Cust 81,user81@example.com,APAC,1406.66
82,Cust 82,user82@example.com,NAM,1546.96
83,Cust 83,user83@example.com,EU,4965.06
84,Cust 84,user84@example.com,EU,4133.48
85,Cust 85,,APAC,2666.7
86,Cust 86,user86@example.com,EU,1276.84
87,Cust 87,user87@example.com,APAC,746.58
88,Cust 88,user88@example.com,EU,396.52
89,Cust 89,user89@example.com,NAM,1907.07
90,Cust 90,user90@example.com,EU,2823.43
91,Cust 91,user91@example.com,APAC,1060.18
92,Cust 92,user92@example.com,NAM,4997.39
93,Cust 93,user93@example.com,NAM,974.27
94,Cust 94,user94@example.com,APAC,2159.71
95,Cust 95,user95@example.com,NAM,1165.07
96,Cust 96,user96@example.com,NAM,3707.69
97,Cust 97,user97@example.com,NAM,2570.17
98,Cust 98,user98@example.com,EU,2783.18
99,Cust 99,user99@example.com,APAC,3465.81
100,Cust 100,user100@example.com,NAM,2556.07
101,Cust 101,user101@example.com,NAM,3827.04
102,Cust 102,user102@example.com,EU,197.64
103,Cust 103,user103@example.com,NAM,2025.83
104,Cust 104,user104@example.com,EU,2490.61
105,Cust 105,user105@example.com,EU,1922.7
106,Cust 106,user106@example.com,APAC,3772.57
107,Cust 107,user107@example.com,APAC,3995.22
108,Cust 108,user108@example.com,APAC,812.82
109,Cust 109,user109@example.com,EU,4082.51
110,Cust 110,user110@example.com,EU,2144.75
111,Cust 111,user111@example.com,NAM,499.4
112,Cust 112,user112@example.com,NAM,2525.0
113,Cust 113,user113@example.com,EU,2441.92
114,Cust 114,user114@example.com,EU,1928.37
115,Cust 115,user115@example.com,APAC,4322.68
116,Cust 116,user116@example.com,APAC,1406.17
117,Cust 117,user117@example.com,EU,4401.73
118,Cust 118,user118@example.com,NAM,1257.67
119,Cust 119,user119@example.com,NAM,-0.26
120,Cust 120,user120@example.com,EU,3864.21
121,Cust 121,user121@example.com,EU,1018.37
122,Cust 122,user122@example.com,NAM,87.7
123,Cust 123,user123@example.com,EU,1891.69
124,Cust 124,user124@example.com,EU,2366.37
125,Cust 125,user125@example.com,NAM,2075.77
126,Cust 126,user126@example.com,APAC,475.48
127,Cust 127,user127@example.com,EU,1232.81
128,Cust 128,user128@example.com,APAC,4384.29
129,Cust 129,user129@example.com,EU,4119.3
130,Cust 130,,NAM,4755.68
131,Cust 131,user131@example.com,EU,4711.65
132,Cust 132,user132@example.com,NAM,4053.5
133,Cust 133,user133@example.com,APAC,1677.44
134,Cust 134,user134@example.com,NAM,3910.46
135,Cust 135,user135@example.com,APAC,3648.75
136,Cust 136,,NAM,1283.54
137,Cust 137,user137@example.com,EU,2317.67
138,Cust 138,,NAM,4921.89
139,Cust 139,user139@example.com,EU,2623.7
140,Cust 140,user140@example.com,APAC,2230.46
141,Cust 141,,APAC,3157.6
142,Cust 142,user142@example.com,NAM,4580.8
143,Cust 143,user143@example.com,APAC,2117.61
144,Cust 144,user144@example.com,NAM,1243.39
145,Cust 145,user145@example.com,NAM,2397.69
146,Cust 146,user146@example.com,NAM,1179.27
147,Cust 147,user147@example.com,NAM,3478.11
148,Cust 148,user148@example.com,EU,3151.61
149,Cust 149,,NAM,1464.92
150,Cust 150,user150@example.com,NAM,273.55
151,Cust 151,user151@example.com,EU,1189.41
152,Cust 152,user152@example.com,EU,3773.04
153,Cust 153,user153@example.com,EU,921.08
154,Cust 154,user154@example.com,NAM,1074.07
155,Cust 155,user155@example.com,APAC,1547.4
156,Cust 156,user156@example.com,EU,4856.44
157,Cust 157,user157@example.com,NAM,4721.93
158,Cust 158,user158@example.com,NAM,844.31
159,Cust 159,user159@example.com,APAC,1376.38
160,Cust 160,user160@example.com,NAM,483.77
161,Cust 161,user161@example.com,APAC,2666.13
162,Cust 162,user162@example.com,EU,4519.01
163,Cust 163,user163@example.com,APAC,-44.85
164,Cust 164,user164@example.com,EU,1642.19
165,Cust 165,user165@example.com,APAC,3631.53
166,Cust 166,user166@example.com,EU,446.02
167,Cust 167,user167@example.com,NAM,4530.14
168,Cust 168,user168@example.com,EU,4530.9
169,Cust 169,user169@example.com,APAC,4430.58
170,Cust 170,user170@example.com,NAM,2885.2
171,Cust 171,,APAC,3194.76
172,Cust 172,user172@example.com,EU,1934.42
173,Cust 173,,EU,1805.58
174,Cust 174,user174@example.com,APAC,3345.43
175,Cust 175,,APAC,4873.57
176,Cust 176,user176@example.com,NAM,3990.51
177,Cust 177,user177@example.com,NAM,879.18
178,Cust 178,,EU,3964.45
179,Cust 179,user179@example.com,NAM,249.54
180,Cust 180,user180@example.com,APAC,2115.1
181,Cust 181,user181@example.com,APAC,3871.5
182,Cust 182,,NAM,3037.8
183,Cust 183,user183@example.com,NAM,866.57
184,Cust 184,user184@example.com,EU,3575.0
185,Cust 185,user185@example.com,NAM,2703.46
186,Cust 186,user186@example.com,EU,2864.46
187,Cust 187,user187@example.com,NAM,4226.83
188,Cust 188,user188@example.com,NAM,456.29
189,Cust 189,user189@example.com,NAM,518.81
190,Cust 190,,APAC,1562.75
191,Cust 191,user191@example.com,NAM,1353.54
192,Cust 192,user192@example.com,NAM,1071.48
193,Cust 193,user193@example.com,APAC,1943.51
194,Cust 194,user194@example.com,EU,3764.98
195,Cust 195,user195@example.com,NAM,1523.95
196,Cust 196,user196@example.com,EU,3649.11
197,Cust 197,user197@example.com,APAC,3071.09
198,Cust 198,user198@example.com,EU,1371.98
199,Cust 199,user199@example.com,EU,1541.68
200,Cust 200,,APAC,2280.33
201,Cust 201,user201@example.com,EU,2793.62
202,Cust 202,user202@example.com,EU,713.19
203,Cust 203,user203@example.com,APAC,1745.61
204,Cust 204,user204@example.com,NAM,2845.31
205,Cust 205,user205@example.com,APAC,3622.61
206,Cust 206,user206@example.com,NAM,4538.36
207,Cust 207,user207@example.com,NAM,3175.84
208,Cust 208,user208@example.com,EU,4720.51
209,Cust 209,user209@example.com,EU,1344.89
210,Cust 210,user210@example.com,NAM,3861.52
211,Cust 211,user211@example.com,NAM,3111.22
212,Cust 212,user212@example.com,NAM,2439.49
213,Cust 213,user213@example.com,NAM,3431.77
214,Cust 214,,NAM,4270.2
215,Cust 215,user215@example.com,APAC,687.76
216,Cust 216,user216@example.com,APAC,4168.01
217,Cust 217,user217@example.com,APAC,3896.01
218,Cust 218,user218@example.com,NAM,656.83
219,Cust 219,,EU,1058.34
220,Cust 220,user220@example.com,EU,219.63
221,Cust 221,user221@example.com,APAC,2860.35
222,Cust 222,,APAC,326.48
223,Cust 223,user223@example.com,EU,838.94
224,Cust 224,user224@example.com,EU,3973.12
225,Cust 225,user225@example.com,EU,663.11
226,Cust 226,user226@example.com,EU,3342.54
227,Cust 227,user227@example.com,NAM,4335.32
228,Cust 228,user228@example.com,EU,1618.99
229,Cust 229,user229@example.com,APAC,990.06
230,Cust 230,user230@example.com,EU,1097.48
231,Cust 231,user231@example.com,EU,3488.74
232,Cust 232,user232@example.com,EU,811.98
233,Cust 233,user233@example.com,NAM,2234.36
234,Cust 234,,APAC,3958.65
235,Cust 235,user235@example.com,NAM,1345.12
236,Cust 236,user236@example.com,NAM,3151.94
237,Cust 237,user237@example.com,APAC,173.38
238,Cust 238,user238@example.com,EU,3905.63
239,Cust 239,user239@example.com,NAM,3709.69
240,Cust 240,user240@example.com,EU,452.99
241,Cust 241,user241@example.com,NAM,51.7
242,Cust 242,user242@example.com,APAC,2356.67
243,Cust 243,user243@example.com,EU,4434.39
244,Cust 244,user244@example.com,APAC,1220.91
245,Cust 245,user245@example.com,APAC,3140.21
246,Cust 246,user246@example.com,APAC,2727.13
247,Cust 247,user247@example.com,NAM,4745.31
248,Cust 248,user248@example.com,APAC,-27.0
249,Cust 249,user249@example.com,NAM,2030.68
250,Cust 250,user250@example.com,NAM,3314.1
